index,title,url
1,Credit Conservation,https://lumalabs.ai/learning-center/articles/credit-conservation
2,Color Space Field Guide,https://lumalabs.ai/learning-center/articles/color-space-field-guide
3,Uni-1 Field Guide,https://lumalabs.ai/learning-center/articles/luma-uni-1-field-guide
4,Starting Points,https://lumalabs.ai/learning-center/articles/starting-points
5,Uni-1,https://lumalabs.ai/learning-center/articles/luma-uni-1-model
6,The Luma Agent,https://lumalabs.ai/learning-center/articles/about-the-luma-agent
7,Just Ask The Agent,https://lumalabs.ai/learning-center/articles/ask-the-agent
8,Avoiding Common Mistakes,https://lumalabs.ai/learning-center/articles/avoiding-common-mistakes
9,Brainstorm Mode,https://lumalabs.ai/learning-center/articles/brainstorm-mode
10,Character and Object Consistency,https://lumalabs.ai/learning-center/articles/character-and-object-consistency
11,Creating At Scale in Luma,https://lumalabs.ai/learning-center/articles/creating-at-scale-in-luma
12,Endless Variations,https://lumalabs.ai/learning-center/articles/endless-variants
13,Luma Audio Capabilities,https://lumalabs.ai/learning-center/articles/luma-audio-capabilities
14,Luma Image Capabilities,https://lumalabs.ai/learning-center/articles/luma-image-capabilities
15,Luma Image Models Field Guide,https://lumalabs.ai/learning-center/articles/luma-image-models-field-guide
16,Luma Lip Sync Guide,https://lumalabs.ai/learning-center/articles/luma-lip-sync-field-guide
17,Luma Toolbar Field Guide,https://lumalabs.ai/learning-center/articles/luma-toolbar-field-guide
18,Luma Video Capabilities,https://lumalabs.ai/learning-center/articles/luma-video-capabilities
19,Luma Video Models Field Guide,https://lumalabs.ai/learning-center/articles/luma-video-models-field-guide
20,Master Reference Assets,https://lumalabs.ai/learning-center/articles/master-reference-assets
21,Outcome-First Workflow,https://lumalabs.ai/learning-center/articles/outcome-first-workflow
22,Research with Luma,https://lumalabs.ai/learning-center/articles/research-with-luma
23,Team Collaboration in Luma,https://lumalabs.ai/learning-center/articles/team-collaboration-in-luma
24,Text & Natural Language,https://lumalabs.ai/learning-center/articles/text-and-natural-language
25,Talk To The Agent,https://lumalabs.ai/learning-center/articles/treat-the-agent-like-a-teammate
26,Turn Your Files Into Creative Assets,https://lumalabs.ai/learning-center/articles/turn-your-files-into-creative-assets
27,Using Master References,https://lumalabs.ai/learning-center/articles/using-master-references
28,Welcome To Luma Agents,https://lumalabs.ai/learning-center/articles/welcome-to-luma-agents
